;CO_TAZID,Index,TOTHH,HHPOP,HHSIZE,TOTEMP,RETEMP,INDEMP,OTHEMP,ALLEMP,RETL,FOOD,MANU,WSLE,OFFI,GVED,HLTH,OTHR,FM_AGRI,FM_MING,FM_CONS,HBJ,SEC_HOME,CABIN,CONDO,HOTEL,AVGINCOME,Enrol_Elem
3001,1,86.2,267.5,3.1,30.5,0.9,2.4,27.3,45.7,0.5,0.4,1.6,0.8,0.3,25,0.5,1.5,0,0,9.9,5.3,0,0,0,0,64145,0
3002,2,0,0,0,0,0,0,0,0,0,0,0,0,0,0,0,0,0,0,0,0,0,0,0,0,64145,0
3003,3,0,0,0,0,0,0,0,0,0,0,0,0,0,0,0,0,0,0,0,0,0,0,0,0,64145,0
3004,4,3,11.9,4,0,0,0,0,0.2,0,0,0,0,0,0,0,0,0,0,0,0.2,0,0,0,0,64145,0
3005,5,0,0,0,45.3,2.6,33.7,9,80.4,1.5,1.1,30.2,3.5,0.8,2.1,1.5,4.5,34.6,0,0.5,0,0,0,0,0,64145,0
3006,6,0,0,0,0,0,0,0,0,0,0,0,0,0,0,0,0,0,0,0,0,0,0,0,0,64145,0
3007,7,5.9,19.6,3.32,0,0,0,0,0.4,0,0,0,0,0,0,0,0,0,0,0,0.4,0,0,0,0,64145,0
3008,8,2.9,7.8,2.64,0,0,0,0,15.6,0,0,0,0,0,0,0,0,15.4,0,0,0.2,0,0,0,0,64145,0
3009,9,0,0,0,0,0,0,0,0,0,0,0,0,0,0,0,0,0,0,0,0,0,0,0,0,64145,0
3010,10,0,0,0,0,0,0,0,0,0,0,0,0,0,0,0,0,0,0,0,0,0,0,0,0,64145,0
3011,11,0,0,0,0,0,0,0,0,0,0,0,0,0,0,0,0,0,0,0,0,0,0,0,0,64145,0
3012,12,3,8.8,2.98,0,0,0,0,0.2,0,0,0,0,0,0,0,0,0,0,0,0.2,0,0,0,0,64145,0
3013,13,164.3,484.4,2.95,47.9,17.2,7,23.6,121.9,1.5,15.7,2.3,4.8,0.4,20.4,0.7,2.2,0,33,30.8,10.2,0,0,0,0,64145,0
3014,14,0,0,0,0,0,0,0,0,0,0,0,0,0,0,0,0,0,0,0,0,0,0,0,0,64145,0
3015,15,0,0,0,0,0,0,0,0,0,0,0,0,0,0,0,0,0,0,0,0,0,0,0,0,64145,0
3016,16,0,0,0,0,0,0,0,0,0,0,0,0,0,0,0,0,0,0,0,0,0,0,0,0,64145,0
3017,17,7,29.9,4.29,4,0.3,2.7,1,4.4,0.2,0.1,2.4,0.3,0.1,0.2,0.2,0.5,0,0,0,0.4,0,0,0,0,64145,0
3018,18,0,0,0,0,0,0,0,0,0,0,0,0,0,0,0,0,0,0,0,0,0,0,0,0,64145,0
3019,19,5.9,26.7,4.51,0,0,0,0,0.4,0,0,0,0,0,0,0,0,0,0,0,0.4,0,0,0,0,64145,0
3020,20,0,0,0,514.6,2.2,505,7.4,515.1,1.2,0.9,436.3,68.7,0.7,1.8,1.3,3.8,0,0,0.5,0,0,0,0,0,64145,0
3021,21,0,0,0,0,0,0,0,0,0,0,0,0,0,0,0,0,0,0,0,0,0,0,0,0,64145,0
3022,22,0,0,0,63.3,0,63.3,0,63.3,0,0,63.3,0,0,0,0,0,0,0,0,0,0,0,0,0,64145,0
3023,23,4,13,3.24,0,0,0,0,0.2,0,0,0,0,0,0,0,0,0,0,0,0.2,0,0,0,0,64145,0
3024,24,0,0,0,0,0,0,0,0,0,0,0,0,0,0,0,0,0,0,0,0,0,0,0,0,64145,0
3025,25,0,0,0,0,0,0,0,0,0,0,0,0,0,0,0,0,0,0,0,0,0,0,0,0,64145,0
3026,26,0,0,0,0,0,0,0,0,0,0,0,0,0,0,0,0,0,0,0,0,0,0,0,0,64145,0
3027,27,3.9,12.7,3.24,0,0,0,0,0.2,0,0,0,0,0,0,0,0,0,0,0,0.2,0,0,0,0,64145,0
3028,28,0,0,0,0,0,0,0,0,0,0,0,0,0,0,0,0,0,0,0,0,0,0,0,0,64145,0
3029,29,0,0,0,0,0,0,0,0,0,0,0,0,0,0,0,0,0,0,0,0,0,0,0,0,64145,0
3030,30,0,0,0,0,0,0,0,0,0,0,0,0,0,0,0,0,0,0,0,0,0,0,0,0,64145,0
3031,31,0,0,0,0,0,0,0,0,0,0,0,0,0,0,0,0,0,0,0,0,0,0,0,0,64145,0
3032,32,0,0,0,0,0,0,0,0,0,0,0,0,0,0,0,0,0,0,0,0,0,0,0,0,64145,0
3033,33,0,0,0,0,0,0,0,0,0,0,0,0,0,0,0,0,0,0,0,0,0,0,0,0,64145,0
3034,34,41.1,124.6,3.03,2.3,0,0,2.3,4.8,0,0,0,0,0,0,0,2.3,0,0,0,2.5,0,0,0,0,64145,0
3035,35,8.9,29.5,3.32,0,0,0,0,0.5,0,0,0,0,0,0,0,0,0,0,0,0.5,0,0,0,0,64145,0
3036,36,15.8,33.1,2.09,0,0,0,0,1,0,0,0,0,0,0,0,0,0,0,0,1,0,0,0,0,64145,0
3037,37,0,0,0,0,0,0,0,0,0,0,0,0,0,0,0,0,0,0,0,0,0,0,0,0,64145,0
3038,38,0,0,0,0,0,0,0,0,0,0,0,0,0,0,0,0,0,0,0,0,0,0,0,0,64145,0
3039,39,12.8,46.1,3.61,0,0,0,0,16.2,0,0,0,0,0,0,0,0,15.4,0,0,0.8,0,0,0,0,64145,0
3040,40,31.4,102.6,3.27,0,0,0,0,1.9,0,0,0,0,0,0,0,0,0,0,0,1.9,0,0,0,0,87119,0
3041,41,9.8,19.3,1.96,0,0,0,0,0.6,0,0,0,0,0,0,0,0,0,0,0,0.6,0,0,0,0,87119,0
3042,42,47.5,160.5,3.38,0,0,0,0,31.2,0,0,0,0,0,0,0,0,0,0,28,3.2,0,0,0,0,87119,0
3043,43,17.7,49.6,2.81,0,0,0,0,39.5,0,0,0,0,0,0,0,0,38.4,0,0,1.1,0,0,0,0,87119,0
3044,44,1.1,5.3,5.02,0,0,0,0,0.1,0,0,0,0,0,0,0,0,0,0,0,0.1,0,0,0,0,87119,0
3045,45,1.1,5.3,5.02,0,0,0,0,0.1,0,0,0,0,0,0,0,0,0,0,0,0.1,0,0,0,0,87119,0
3046,46,2.1,6.2,2.98,0,0,0,0,0.1,0,0,0,0,0,0,0,0,0,0,0,0.1,0,0,0,0,87119,0
3047,47,174.9,568.6,3.25,61.9,1.6,19.8,40.6,84,0.9,0.7,2.9,16.9,0.5,36.5,0.9,2.7,0,0,11.5,10.6,0,0,0,0,87119,450
3048,48,24.5,90.2,3.67,18.8,0.6,1.7,16.4,62.5,0.4,0.3,1.1,0.6,0.2,0.5,0.4,15.4,42.2,0,0,1.5,0,0,0,0,87119,0
3049,49,24.5,68.1,2.78,4.7,0,0,4.7,6.2,0,0,0,0,0,0,0,4.7,0,0,0,1.5,0,0,0,0,87119,0
3050,50,13.9,80.7,5.82,2,0,0,2,2.8,0,0,0,0,2,0,0,0,0,0,0,0.8,0,0,0,0,87119,0
3051,51,10.8,20.2,1.87,0,0,0,0,0.7,0,0,0,0,0,0,0,0,0,0,0,0.7,0,0,0,0,87119,0
3052,52,0,0,0,0,0,0,0,0,0,0,0,0,0,0,0,0,0,0,0,0,0,0,0,0,87119,0
3053,53,0,0,0,0,0,0,0,0,0,0,0,0,0,0,0,0,0,0,0,0,0,0,0,0,87119,0
3054,54,53.9,167.7,3.11,1.1,0,1.1,0,4.3,0,0,0,1.1,0,0,0,0,0,0,0,3.2,0,0,0,0,87119,0
3055,55,42.1,144.5,3.43,18.3,0,0,18.3,20.8,0,0,0,0,2.2,8.6,0,7.6,0,0,0,2.5,0,0,0,0,64145,0
3056,56,30.4,112.7,3.71,12.7,0.6,9.8,2.2,33.7,0.4,0.3,1.2,8.6,0.2,0.5,0.4,1.1,19.2,0,0,1.8,0,0,0,0,87119,0
3057,57,12.8,28.1,2.2,8.8,0,8.8,0,9.6,0,0,0,8.8,0,0,0,0,0,0,0,0.8,0,0,0,0,87119,0
3058,58,4,23,5.79,0,0,0,0,0.2,0,0,0,0,0,0,0,0,0,0,0,0.2,0,0,0,0,87119,0
3059,59,11.7,33,2.81,0,0,0,0,0.7,0,0,0,0,0,0,0,0,0,0,0,0.7,0,0,0,0,87119,0
3060,60,18.9,68.6,3.63,9.6,0.2,7.6,1.9,11.3,0.1,0.1,0.3,7.2,0.1,1.4,0.1,0.3,0,0,0.5,1.1,0,0,0,0,87119,0
3061,61,83.4,285.7,3.43,0,0,0,0,5,0,0,0,0,0,0,0,0,0,0,0,5,0,0,0,0,87119,0
3062,62,35.3,113.4,3.21,15.6,15,0.3,0.3,17.7,15,0,0.2,0.1,0,0.1,0.1,0.2,0,0,0,2.1,0,0,0,0,87119,0
3063,63,2,6.1,2.98,0,0,0,0,0.1,0,0,0,0,0,0,0,0,0,0,0,0.1,0,0,0,0,87119,0
3064,64,0,0,0,0,0,0,0,0,0,0,0,0,0,0,0,0,0,0,0,0,0,0,0,0,64145,0
3065,65,18.6,43.6,2.34,5.5,0.4,1.2,3.9,6.6,0.2,0.2,0.8,0.4,0.1,0.3,0.2,3.2,0,0,0,1.1,0,0,0,0,77876,0
3066,66,17.7,45.7,2.58,30.2,30.2,0,0,31.3,30.2,0,0,0,0,0,0,0,0,0,0,1.1,0,0,0,0,77876,0
3067,67,36.3,105.3,2.9,63.3,0,0,63.3,65.5,0,0,0,0,0,0,0,63.3,0,0,0,2.2,0,0,0,0,77876,0
3068,68,25.5,77.4,3.04,8.1,8.1,0,0,15.2,0,8.1,0,0,0,0,0,0,0,0,5.5,1.6,0,0,0,0,77876,0
3069,69,15.8,72.2,4.58,3.2,0.1,2.6,0.5,4.2,0.1,0.1,0.2,2.4,0,0.1,0.1,0.2,0,0,0,1,0,0,0,0,66905,0
3070,70,0,0,0,0,0,0,0,0,0,0,0,0,0,0,0,0,0,0,0,0,0,0,0,0,64145,0
3071,71,2.1,4,1.96,0,0,0,0,0.1,0,0,0,0,0,0,0,0,0,0,0,0.1,0,0,0,0,77876,0
3072,72,2.1,9.6,4.51,0,0,0,0,0.1,0,0,0,0,0,0,0,0,0,0,0,0.1,0,0,0,0,77876,0
3073,73,17.7,37.8,2.13,9.2,0,1.1,8.1,10.3,0,0,0,1.1,8,0,0,0,0,0,0,1.1,0,0,0,0,77876,0
3074,74,50.1,153.3,3.06,4.9,0.1,2.5,2.3,7.9,0.1,0,0.2,2.4,2,0.1,0.1,0.2,0,0,0,3,0,0,0,0,77876,0
3075,75,21.6,87.6,4.05,0,0,0,0,1.3,0,0,0,0,0,0,0,0,0,0,0,1.3,0,0,0,0,77876,0
3076,76,36.5,119.8,3.28,4.8,0,4.8,0,7.5,0,0,3.6,1.2,0,0,0,0,0,0,0.5,2.2,0,0,0,0,77876,0
3077,77,11.8,34.1,2.9,0,0,0,0,0.7,0,0,0,0,0,0,0,0,0,0,0,0.7,0,0,0,0,77876,0
3078,78,48.3,167.2,3.46,51.8,0.9,43.9,6.9,55.2,0.5,0.4,43.1,0.9,2.3,0.8,0.5,3.3,0,0,0.5,2.9,0,0,0,0,67271,0
3079,79,76.5,219.9,2.87,66.3,0.5,10,55.8,94.9,0.3,0.2,0.9,9.1,11.5,43.2,0.3,0.9,0,0,23.6,4.9,0,0,0,0,61866,0
3080,80,128.5,334.7,2.61,43.6,0.7,2,40.9,79.6,0.4,0.3,1.3,0.7,0.2,38.9,0.4,1.3,0,0,28,8,0,0,0,0,61866,0
3081,81,5.5,26.2,4.72,0,0,0,0,3.7,0,0,0,0,0,0,0,0,0,0,3.3,0.4,0,0,0,0,55626,0
3082,82,18.4,45.8,2.49,10.9,0.7,7.8,2.4,15.3,0.4,0.3,1.3,6.5,0.2,0.6,0.4,1.2,0,0,3.3,1.1,0,0,0,0,55626,0
3083,83,137.8,368.2,2.67,35.4,14.1,18.6,2.6,46.4,14.1,0.1,4.8,13.9,0,0.1,0.1,2.3,0,0,2.7,8.3,0,0,0,0,55626,706
3084,84,108.2,268.3,2.48,1.8,0.1,1.3,0.4,35.5,0.1,0.1,1.2,0.1,0,0.1,0.1,0.2,0,0,26.9,6.8,0,0,0,0,55626,0
3085,85,17.3,50,2.89,0,0,0,0,2.2,0,0,0,0,0,0,0,0,0,0,1.1,1.1,0,0,0,0,55626,0
3086,86,15.6,61,3.9,1.8,0.1,1.3,0.4,3.9,0.1,0.1,1.2,0.1,0,0.1,0.1,0.2,0,0,1.1,1,0,0,0,0,55626,0
3087,87,156.9,539.5,3.44,104.8,9.7,11.6,83.4,128.1,2.2,7.5,7.4,4.2,1.2,3.3,29.7,49.2,0,0,13.7,9.6,0,0,0,0,55626,0
3088,88,210.4,683.1,3.25,19.4,5.8,5.9,7.7,32.1,0.5,5.4,1.5,4.4,0.3,0.7,0.5,6.3,0,0,0,12.7,0,0,0,0,55626,0
3089,89,22.2,77.2,3.49,10.2,0,10,0.1,20.4,0,0,0.1,9.9,0,0,0,0.1,0,0,8.8,1.4,0,0,0,0,55626,0
3090,90,4.9,16.7,3.39,0,0,0,0,0.3,0,0,0,0,0,0,0,0,0,0,0,0.3,0,0,0,0,64145,0
3091,91,18.8,56.1,2.98,8.1,0,0,8.1,9.2,0,0,0,0,0,0,1,7.1,0,0,0,1.1,0,0,0,0,61866,0
3092,92,8.1,35.5,4.38,0,0,0,0,1,0,0,0,0,0,0,0,0,0,0,0.5,0.5,0,0,0,0,77876,0
3093,93,11.8,39.2,3.32,0,0,0,0,0.7,0,0,0,0,0,0,0,0,0,0,0,0.7,0,0,0,0,77876,0
3094,94,6,18,2.98,0,0,0,0,0.4,0,0,0,0,0,0,0,0,0,0,0,0.4,0,0,0,0,77876,0
3095,95,4,13.9,3.49,0,0,0,0,0.2,0,0,0,0,0,0,0,0,0,0,0,0.2,0,0,0,0,77876,0
3096,96,2.3,6.7,2.98,0,0,0,0,0.6,0,0,0,0,0,0,0,0,0,0,0.5,0.1,0,0,0,0,77876,0
3097,97,10.8,34.2,3.17,68.5,1.5,67,0,69.1,1.5,0,0,67,0,0,0,0,0,0,0,0.6,0,0,0,0,64145,0
3098,98,35.4,92.5,2.61,18,2.1,11.9,4,20.7,1.6,0.5,2.1,9.8,0.4,0.9,0.7,2,0,0,0.5,2.1,0,0,0,0,61866,0
3099,99,13.8,44.2,3.2,0,0,0,0,0.8,0,0,0,0,0,0,0,0,0,0,0,0.8,0,0,0,0,64145,0
3100,100,10.9,50.7,4.65,0,0,0,0,0.7,0,0,0,0,0,0,0,0,0,0,0,0.7,0,0,0,0,77876,0
3101,101,5.9,18.6,3.15,0,0,0,0,0.4,0,0,0,0,0,0,0,0,0,0,0,0.4,0,0,0,0,77876,0
3102,102,3,11,3.66,0,0,0,0,0.2,0,0,0,0,0,0,0,0,0,0,0,0.2,0,0,0,0,77876,0
3103,103,19.7,50.6,2.57,2.4,0.1,0.1,2.2,3.6,0,0,0.1,0,0,0,2.1,0.1,0,0,0,1.2,0,0,0,0,77876,0
3104,104,47.8,136.3,2.85,24.5,1.4,16.2,7,28.5,0.8,0.6,14.9,1.3,0.4,1.1,0.8,4.7,0,0,1.1,2.9,0,0,0,0,77876,0
3105,105,32.6,85.3,2.62,10.1,2,2.4,5.7,14.9,1.6,0.4,1.6,0.8,0.3,0.7,0.5,4.2,0,0,2.7,2,0,0,0,0,66905,0
3106,106,0,0,0,0,0,0,0,0,0,0,0,0,0,0,0,0,0,0,0,0,0,0,0,0,77876,0
3107,107,152.8,590.4,3.87,23.6,2.1,14.2,7.3,48.9,1.2,0.9,3.9,10.3,0.7,1.7,1.2,3.7,0,0,15.9,9.4,0,0,0,0,64145,0
3108,108,0,0,0,261.9,8.9,222.7,30.4,263.6,5,3.9,214.3,8.4,2.7,7.2,5.2,15.4,0,0,1.6,0,0,0,0,0,55626,0
3109,109,115.4,445.1,3.86,157.6,2.8,16.2,138.5,192.2,1.6,1.2,5.2,11,36.5,2.3,94.8,4.9,0,0,27.5,7.2,0,0,0,0,52906,0
3110,110,0,0,0,486.5,0,463,23.5,486.5,0,0,463,0,0,0,0,23.5,0,0,0,0,0,0,0,0,55626,0
3111,111,175.8,502.9,2.86,134.9,0.1,0.3,134.5,152.2,0.1,0,0.2,0.1,0,132.9,1.4,0.2,0,0,6.6,10.7,0,0,0,0,55756,504
3112,112,175.3,649.1,3.7,129.3,2.4,6.7,120.2,167.6,1.4,1.1,4.4,2.3,0.7,107.7,1.4,10.3,7.7,0,19.8,10.8,0,0,0,0,55756,0
3113,113,22.7,71.3,3.14,0,0,0,0,2.5,0,0,0,0,0,0,0,0,0,0,1.1,1.4,0,0,0,0,63717,0
3114,114,362.4,1045.8,2.89,195.6,102.5,40.9,52.2,267.3,17.7,84.8,27,13.9,4.5,12,10.1,25.6,0,0,49.4,22.3,0,0,0,0,52906,0
3115,115,24.1,130.8,5.43,1059.8,21.9,785.7,252.2,1103.6,0,21.9,680.5,105.2,0,0,0,252.2,38.4,0,3.8,1.5,0,0,0,0,52906,0
3116,116,100.5,271.4,2.7,390.9,22.3,34.2,334.4,404.1,22,0.3,1.2,33,33.8,0.5,191.1,109,0,0,7.1,6.1,0,0,0,0,52906,0
3117,117,393.2,1104.8,2.81,169.3,27.4,9.8,132.1,202.9,26.2,1.2,0,9.8,0,0,53.2,78.9,0,0,9.9,23.8,0,0,0,0,52906,0
3118,118,267.2,825.6,3.09,250,100.1,11.2,138.7,279.4,60.9,39.2,0.4,10.7,55.3,0.2,2.8,80.4,0,0,13.2,16.2,0,0,0,0,35003,0
3119,119,116,365.3,3.15,50.4,1.6,4.5,44.2,85.1,0.9,0.7,3,1.5,13.2,1.3,10.1,19.6,0,0,27.5,7.3,0,0,0,0,53599,0
3120,120,44.2,231.5,5.23,92.8,10.1,47.6,35.2,200.4,5.5,4.5,18.6,29,3.2,8.3,5.9,17.8,0,0,103.8,3.8,0,0,0,0,53599,0
3121,121,105.2,293,2.79,162.7,44.9,50.4,67.5,201.1,9.5,35.4,31.7,18.6,12.1,14.1,10.9,30.3,11.5,0,20.3,6.5,0,0,0,0,53599,0
3122,122,0,0,0,197.1,119.8,48.7,28.7,197.7,13.6,106.1,6,42.7,1,2.7,1.9,23.1,0,0,0.5,0,0,0,0,0,46835,0
3123,123,28,107.3,3.83,285.3,68.7,93.8,122.8,295.3,59.6,9,37.9,55.9,6.3,16.8,12,87.8,0,0,8.2,1.8,0,0,0,0,46835,0
3124,124,476.1,1625,3.41,263,72.4,117.5,73.1,317.2,59.5,13,22.2,95.2,3.7,9.9,7,52.5,0,0,25.3,28.9,0,0,0,0,57365,0
3125,125,218.3,528.4,2.42,1085.6,490.4,89.2,505.9,1098.7,401.5,88.9,7.1,82.1,0,343.3,51.8,110.9,0,0,0,13.1,0,0,0,0,49164,0
3126,126,73.7,264.2,3.59,50.7,8.5,3.4,38.8,61.2,8.5,0,0,3.4,0,0,26.5,12.3,0,0,6,4.5,0,0,0,0,53599,0
3127,127,53.7,220,4.1,8.9,1,4.2,3.7,19.3,0.6,0.5,1.9,2.2,0.3,0.9,0.6,1.9,0,0,7.1,3.3,0,0,0,0,53599,0
3128,128,45.7,109,2.38,39.3,10.7,9.4,19.2,56.5,1.9,8.8,6.2,3.2,1,2.7,2,13.5,0,0,14.3,2.9,0,0,0,0,53599,0
3129,129,35,122.6,3.5,2.1,0.1,0.4,1.6,23.4,0.1,0.1,0.3,0.1,0,0.1,1.1,0.3,19.2,0,0,2.1,0,0,0,0,63717,0
3130,130,407.2,1282.7,3.15,128.9,0,17.9,111,153.4,0,0,0,17.9,0,102.6,0,8.4,0,0,0,24.5,0,0,0,0,46835,0
3131,131,92.7,289.9,3.13,0,0,0,0,11.1,0,0,0,0,0,0,0,0,0,0,5.5,5.6,0,0,0,0,57365,0
3132,132,29.6,90.5,3.06,0,0,0,0,1.8,0,0,0,0,0,0,0,0,0,0,0,1.8,0,0,0,0,63717,0
3133,133,18.9,53.5,2.84,379.7,46.6,130.5,202.7,392.4,25.9,20.7,86.1,44.4,14.4,38.2,27.2,122.8,0,0,11.5,1.2,0,0,0,0,76558,0
3134,134,25.9,76.6,2.96,33.5,4.1,15.2,14.3,83.4,2.2,1.8,11.3,3.9,1.3,3.4,2.4,7.3,0,0,47.8,2.1,0,0,0,0,46835,0
3135,135,26.2,89,3.4,7.1,0.5,4.9,1.7,151.3,0.3,0.2,0.9,4,0.2,0.4,0.3,0.9,142.1,0,0.5,1.6,0,0,0,0,64953,0
3136,136,48.4,138.7,2.87,9.9,0,9.9,0,16.1,0,0,0,9.9,0,0,0,0,0,0,3.3,2.9,0,0,0,0,63717,0
3137,137,57.7,175.2,3.04,4.9,1.5,2.3,1.2,11,1.3,0.1,0.6,1.6,0.1,0.3,0.2,0.6,0,0,2.7,3.4,0,0,0,0,63717,0
3138,138,13.7,30.4,2.22,0,0,0,0,3.5,0,0,0,0,0,0,0,0,0,0,2.7,0.8,0,0,0,0,63717,0
3139,139,12.6,40.2,3.19,0,0,0,0,3.4,0,0,0,0,0,0,0,0,0,0,2.7,0.7,0,0,0,0,63717,0
3140,140,10,20.5,2.06,0,0,0,0,1.7,0,0,0,0,0,0,0,0,0,0,1.1,0.6,0,0,0,0,63717,0
3141,141,28.6,99.1,3.46,30,0,0.9,29,32.8,0,0,0,0.9,0,6.7,0,22.3,0,0,1.1,1.7,0,0,0,0,63717,0
3142,142,6.4,18.2,2.84,0,0,0,0,0.9,0,0,0,0,0,0,0,0,0,0,0.5,0.4,0,0,0,0,63717,0
3143,143,10.6,32.5,3.08,0,0,0,0,0.6,0,0,0,0,0,0,0,0,0,0,0,0.6,0,0,0,0,63717,0
3144,144,164.7,544.6,3.31,107.2,0,103.3,3.9,120.4,0,0,82.3,21,3.9,0,0,0,0,0,3.3,9.9,0,0,0,0,64953,0
3145,145,93.6,277.4,2.96,0,0,0,0,7.8,0,0,0,0,0,0,0,0,0,0,2.2,5.6,0,0,0,0,63717,0
3146,146,4.8,16.3,3.39,5.5,0,5.5,0,5.8,0,0,5.5,0,0,0,0,0,0,0,0,0.3,0,0,0,0,63717,0
3147,147,5.8,17.4,2.99,9.5,0.6,1.8,7.1,9.8,0.4,0.3,1.2,0.6,0.2,0.5,0.4,6,0,0,0,0.3,0,0,0,0,63717,0
3148,148,18.6,47.5,2.56,3.1,0.1,0.3,2.7,4.2,0.1,0,0.2,0.1,0,0.1,0.1,2.5,0,0,0,1.1,0,0,0,0,63717,0
3149,149,10.5,47.8,4.56,0,0,0,0,1.1,0,0,0,0,0,0,0,0,0,0,0.5,0.6,0,0,0,0,76558,0
3150,150,12.1,38.9,3.22,3.3,0,3.3,0,5.1,0,0,0,3.3,0,0,0,0,0,0,1.1,0.7,0,0,0,0,76558,0
3151,151,0,0,0,0,0,0,0,0,0,0,0,0,0,0,0,0,0,0,0,0,0,0,0,0,63717,0
3152,152,6.4,21.9,3.42,0,0,0,0,0.9,0,0,0,0,0,0,0,0,0,0,0.5,0.4,0,0,0,0,63717,0
3153,153,28.2,88,3.13,0,0,0,0,2.2,0,0,0,0,0,0,0,0,0,0,0.5,1.7,0,0,0,0,63717,0
3154,154,0,0,0,0,0,0,0,0,0,0,0,0,0,0,0,0,0,0,0,0,0,0,0,0,63717,0
3155,155,4.8,18.2,3.8,0,0,0,0,0.3,0,0,0,0,0,0,0,0,0,0,0,0.3,0,0,0,0,63717,0
3156,156,2,3.8,1.96,0,0,0,0,0.1,0,0,0,0,0,0,0,0,0,0,0,0.1,0,0,0,0,63717,0
3157,157,2.6,7.7,2.99,15.1,0.8,11.5,2.8,81.2,0.5,0.4,1.5,10,0.3,0.7,0.5,1.4,65.3,0,0.5,0.2,0,0,0,0,63717,0
3158,158,45,134.4,2.99,4.5,0.1,0.2,4.2,14.9,0,0,0.1,0.1,0,1.5,0,2.7,7.7,0,0,2.7,0,0,0,0,63780,0
3159,159,3.8,17.9,4.77,7.7,0,7.7,0,7.9,0,0,0,7.7,0,0,0,0,0,0,0,0.2,0,0,0,0,63717,0
3160,160,7.8,16.3,2.09,2.4,0.2,1.6,0.6,2.9,0.1,0.1,0.3,1.3,0.1,0.1,0.1,0.3,0,0,0,0.5,0,0,0,0,63717,0
3161,161,1,2.9,2.99,51.9,3.8,10.6,37.5,53.1,2.1,1.7,7,3.6,1.2,3.1,2.2,31,0,0,1.1,0.1,0,0,0,0,63717,0
3162,162,0,0,0,0,0,0,0,0,0,0,0,0,0,0,0,0,0,0,0,0,0,0,0,0,63717,0
3163,163,4,21.6,5.37,0,0,0,0,1.9,0,0,0,0,0,0,0,0,0,0,1.6,0.3,0,0,0,0,53599,0
3164,164,9.5,21.1,2.22,0,0,0,0,2.2,0,0,0,0,0,0,0,0,0,0,1.6,0.6,0,0,0,0,53599,0
3165,165,10.4,32.3,3.12,0,0,0,0,3.4,0,0,0,0,0,0,0,0,0,0,2.7,0.7,0,0,0,0,53599,0
3166,166,13.3,37,2.78,1.5,0,1.3,0.2,6.1,0,0,0.1,1.2,0,0,0,0.1,0,0,3.8,0.8,0,0,0,0,53599,0
3167,167,41,143.5,3.5,65.2,55.1,4.5,5.6,93.5,0.9,54.2,3,1.5,0.5,1.3,0.9,2.8,19.2,0,6.6,2.5,0,0,0,0,53599,0
3168,168,19.2,63.9,3.33,0,0,0,0,6.7,0,0,0,0,0,0,0,0,0,0,5.5,1.2,0,0,0,0,53599,0
3169,169,30.1,105.4,3.5,6.1,0,0,6,16.2,0,0,0,0,6,0,0,0,0,0,8.2,1.9,0,0,0,0,53599,0
3170,170,115.9,365.2,3.15,77.2,48.3,15,13.9,95.3,21.1,27.2,13,1.9,2.9,1.7,4.3,5,0,0,11,7.1,0,0,0,0,53599,0
3171,171,10.7,33.4,3.12,26.8,0.7,23.5,2.6,31.3,0.4,0.3,1.4,22.1,0.2,0.6,0.4,1.3,0,0,3.8,0.7,0,0,0,0,76558,0
3172,172,14.6,38.6,2.65,0,0,0,0,4.2,0,0,0,0,0,0,0,0,0,0,3.3,0.9,0,0,0,0,76558,0
3173,173,2.8,8.3,2.99,0,0,0,0,1.3,0,0,0,0,0,0,0,0,0,0,1.1,0.2,0,0,0,0,53599,0
3174,174,5.7,23,4.01,0,0,0,0,1.5,0,0,0,0,0,0,0,0,0,0,1.1,0.4,0,0,0,0,76558,0
3175,175,19.2,64.2,3.35,0,0,0,0,3.9,0,0,0,0,0,0,0,0,0,0,2.7,1.2,0,0,0,0,76558,0
3176,176,21.1,63.2,2.99,0,0,0,0,15.6,0,0,0,0,0,0,0,0,7.7,0,6.6,1.3,0,0,0,0,76558,0
3177,177,81.5,277.7,3.41,9,0.3,0.7,8,26.1,0.1,0.1,0.5,0.3,0.1,0.2,0.2,7.6,0,0,12.1,5,0,0,0,0,76558,0
3178,178,8.5,16.8,1.97,0,0,0,0,2.1,0,0,0,0,0,0,0,0,0,0,1.6,0.5,0,0,0,0,76558,0
3179,179,16.7,34,2.04,0,0,0,0,4.3,0,0,0,0,0,0,0,0,0,0,3.3,1,0,0,0,0,76558,0
3180,180,3.9,11.8,2.99,0,0,0,0,1.4,0,0,0,0,0,0,0,0,0,0,1.1,0.3,0,0,0,0,76558,0
3181,181,18.2,57,3.12,5.1,0.2,4.4,0.6,10,0.1,0.1,3,1.4,0,0.1,0.1,0.3,0,0,3.8,1.1,0,0,0,0,76558,0
3182,182,4.9,12.9,2.63,0,0,0,0,3,0,0,0,0,0,0,0,0,0,0,2.7,0.3,0,0,0,0,66905,0
3183,183,26.7,104.2,3.91,0,0,0,0,3.8,0,0,0,0,0,0,0,0,0,0,2.2,1.6,0,0,0,0,66905,0
3184,184,19,91.1,4.8,2.7,0.2,0.6,1.8,8.8,0.1,0.1,0.4,0.2,0.1,0.2,1.2,0.4,0,0,4.9,1.2,0,0,0,0,66905,0
3185,185,24.8,57.7,2.32,0,0,0,0,4.8,0,0,0,0,0,0,0,0,0,0,3.3,1.5,0,0,0,0,66905,0
3186,186,2.1,6.3,2.97,0,0,0,0,1.7,0,0,0,0,0,0,0,0,0,0,1.6,0.1,0,0,0,0,66905,0
3187,187,0,0,0,0,0,0,0,0,0,0,0,0,0,0,0,0,0,0,0,0,0,0,0,0,66905,0
3188,188,16.1,33.9,2.11,0,0,0,0,4.3,0,0,0,0,0,0,0,0,0,0,3.3,1,0,0,0,0,66905,0
3189,189,41,111.7,2.72,0,0,0,0,30.5,0,0,0,0,0,0,0,0,26.9,0,1.1,2.5,0,0,0,0,66905,0
3190,190,18.3,60.9,3.33,15.8,0.2,0.6,14.9,22,0.1,0.1,0.4,0.2,0.1,0.2,0.1,14.6,0,0,4.9,1.2,0,0,0,0,69398,0
3191,191,21.5,80.2,3.72,5.2,1.1,1.5,2.5,6.5,1.1,0,0.2,1.3,2.2,0.1,0.1,0.2,0,0,0,1.3,0,0,0,0,66905,0
3192,192,0,0,0,0,0,0,0,0,0,0,0,0,0,0,0,0,0,0,0,0,0,0,0,0,53599,0
3193,193,65.2,210.8,3.23,181.3,3.5,9.7,168.1,189.7,2,1.5,6.4,3.3,1.1,2.8,2,162.2,0,0,4.4,4,0,0,0,0,91839,0
3194,194,95.2,122.1,1.28,0,0,0,0,44.6,0,0,0,0,0,0,0,0,0,0,38.4,6.2,0,0,0,0,66905,0
3195,195,7.1,23,3.24,61.9,11,42.9,8,88.2,10,1,40.7,2.2,0.7,1.9,1.4,4,23,0,2.7,0.5,0,0,0,0,76558,0
3196,196,14.7,69.5,4.74,3.8,0.4,1.1,2.4,5.8,0.2,0.2,0.7,0.4,0.1,0.3,1.3,0.7,0,0,1.1,0.9,0,0,0,0,91839,0
3197,197,66.3,244.5,3.69,0,0,0,0,37.9,0,0,0,0,0,0,0,0,0,0,33.5,4.4,0,0,0,0,66905,0
3198,198,198.5,605.4,3.05,107.1,2.2,6.2,98.7,122.9,1.2,0.9,4,2.3,0.7,8,82.9,7.1,0,0,3.8,12,0,0,0,0,91689,0
3199,199,16.6,57.1,3.45,0,0,0,0,3.2,0,0,0,0,0,0,0,0,0,0,2.2,1,0,0,0,0,76558,0
3200,200,15.3,48.5,3.17,17.5,2,5.8,9.7,20,1.1,0.9,3.8,2,0.6,1.7,1.2,6.1,0,0,1.6,0.9,0,0,0,0,66905,0
3201,201,28.8,74.4,2.58,0,0,0,0,7.8,0,0,0,0,0,0,0,0,0,0,6,1.8,0,0,0,0,66905,0
3202,202,29.6,87.6,2.96,0,0,0,0,4.5,0,0,0,0,0,0,0,0,0,0,2.7,1.8,0,0,0,0,66905,0
3203,203,12.7,41.8,3.29,0,0,0,0,1.9,0,0,0,0,0,0,0,0,0,0,1.1,0.8,0,0,0,0,76558,0
3204,204,24.7,87.7,3.55,17.3,0.3,1.8,15.3,22.1,0.1,0.1,0.5,1.3,0.1,0.2,0.2,14.8,0,0,3.3,1.5,0,0,0,0,66905,0
3205,205,49.1,138.4,2.82,35.8,0,0,35.8,41.5,0,0,0,0,0,30.9,0,4.9,0,0,2.7,3,0,0,0,0,66905,0
3206,206,12.1,27.7,2.28,8.3,0,8.3,0,10.6,0,0,8.3,0,0,0,0,0,0,0,1.6,0.7,0,0,0,0,66905,0
3207,207,0,0,0,0,0,0,0,0,0,0,0,0,0,0,0,0,0,0,0,0,0,0,0,0,66905,0
3208,208,0,0,0,0,0,0,0,0,0,0,0,0,0,0,0,0,0,0,0,0,0,0,0,0,66905,0
3209,209,0,0,0,0,0,0,0,0,0,0,0,0,0,0,0,0,0,0,0,0,0,0,0,0,66905,0
3210,210,3.9,13.8,3.49,0,0,0,0,0.2,0,0,0,0,0,0,0,0,0,0,0,0.2,0,0,0,0,66905,0
3211,211,120.1,354.7,2.95,8,0.3,0.7,7,117.9,0.1,0.1,0.5,0.3,0.1,6.3,0.2,0.5,96,0,6.6,7.3,0,0,0,0,76558,496
3212,212,130.3,392.7,3.01,18.9,4.7,10.3,3.9,35,4.5,0.2,0.9,9.4,2.3,0.4,0.3,0.9,0,0,8.2,7.9,0,0,0,0,76558,0
3213,213,47.3,144,3.05,12,0.2,0.6,11.2,29.2,0.1,0.1,0.4,0.2,8.3,0.2,0.1,2.6,0,0,14.3,3,0,0,0,0,76558,0
3214,214,18.6,55.7,2.99,0,0,0,0,8.3,0,0,0,0,0,0,0,0,0,0,7.1,1.2,0,0,0,0,76558,0
3215,215,9.8,20.2,2.06,0,0,0,0,0.6,0,0,0,0,0,0,0,0,0,0,0,0.6,0,0,0,0,76558,0
3216,216,6.9,24.5,3.56,0,0,0,0,0.4,0,0,0,0,0,0,0,0,0,0,0,0.4,0,0,0,0,76558,0
3217,217,7.9,32.7,4.13,0,0,0,0,0.5,0,0,0,0,0,0,0,0,0,0,0,0.5,0,0,0,0,76558,0
3218,218,4.9,14.6,2.98,0,0,0,0,0.3,0,0,0,0,0,0,0,0,0,0,0,0.3,0,0,0,0,76558,0
3219,219,4,13.9,3.49,1.2,0,1.1,0,1.4,0,0,0,1.1,0,0,0,0,0,0,0,0.2,0,0,0,0,76558,0
3220,220,4,14.9,3.75,0,0,0,0,0.2,0,0,0,0,0,0,0,0,0,0,0,0.2,0,0,0,0,76558,0
3221,221,0,0,0,787,61.7,497,228.3,800.8,34.4,27.3,338.4,158.6,24.6,50.5,36.1,117.2,0,0,13.7,0,0,0,0,0,51492,0
3222,222,3,10,3.32,0,0,0,0,0.2,0,0,0,0,0,0,0,0,0,0,0,0.2,0,0,0,0,76558,0
3223,223,0,0,0,0,0,0,0,0,0,0,0,0,0,0,0,0,0,0,0,0,0,0,0,0,76558,0
3224,224,3,6.9,2.3,0,0,0,0,0.2,0,0,0,0,0,0,0,0,0,0,0,0.2,0,0,0,0,76558,0
3225,225,47.1,153.4,3.26,18.8,0.6,1.7,16.4,21.6,0.4,0.3,1.1,0.6,0.2,0.5,0.4,15.4,0,0,0,2.8,0,0,0,0,76558,0
3226,226,0,0,0,0,0,0,0,0,0,0,0,0,0,0,0,0,0,0,0,0,0,0,0,0,76558,0
3227,227,0,0,0,1000.5,1.4,994.5,4.7,1000.5,0.8,0.6,2.5,992,0.4,1.1,0.8,2.4,0,0,0,0,0,0,0,0,51492,0
3228,228,0,0,0,0,0,0,0,0,0,0,0,0,0,0,0,0,0,0,0,0,0,0,0,0,51492,0
3229,229,16,41.3,2.58,279.2,32.1,167.1,80,301.7,12.9,19.2,142.4,24.6,7.1,18.9,13.5,40.4,0,0,21.4,1.1,0,0,0,0,51492,0
3230,230,28.3,36.5,1.29,0,0,0,0,26.7,0,0,0,0,0,0,0,0,0,0,24.7,2,0,0,0,0,51492,0
3231,231,86.1,251.7,2.92,96.7,31.6,30.4,34.7,104.1,20.5,11,18.4,12,3.1,8.2,5.8,17.6,0,0,2.2,5.2,0,0,0,0,51492,0
3232,232,25.5,85.7,3.37,0,0,0,0,11.5,0,0,0,0,0,0,0,0,0,0,9.9,1.6,0,0,0,0,51492,0
3233,233,136.9,443.9,3.24,56.3,1.2,5.4,49.8,67.4,0.6,0.5,2.2,3.3,0.4,39.3,0.7,9.4,0,0,2.7,8.3,0,0,0,0,51492,0
3234,234,30.6,69.2,2.26,4.6,0.5,2.5,1.6,7,0.3,0.2,0.9,1.6,0.1,0.4,0.3,0.8,0,0,0.5,1.8,0,0,0,0,51492,0
3235,235,7.9,29.5,3.75,0,0,0,0,0.5,0,0,0,0,0,0,0,0,0,0,0,0.5,0,0,0,0,63717,0
3236,236,4,15.8,4,0,0,0,0,0.2,0,0,0,0,0,0,0,0,0,0,0,0.2,0,0,0,0,51492,0
3237,237,7.8,26.4,3.36,0,0,0,0,0.5,0,0,0,0,0,0,0,0,0,0,0,0.5,0,0,0,0,51492,0
3238,238,2.9,11.8,4,4.2,0.1,3.7,0.4,4.4,0.1,0,0.2,3.5,0,0.1,0.1,0.2,0,0,0,0.2,0,0,0,0,63717,0
3239,239,4.9,13.7,2.78,0,0,0,0,0.3,0,0,0,0,0,0,0,0,0,0,0,0.3,0,0,0,0,63717,0
3240,240,3,4.9,1.62,0,0,0,0,0.2,0,0,0,0,0,0,0,0,0,0,0,0.2,0,0,0,0,51492,0
3241,241,4,8.9,2.22,0,0,0,0,0.2,0,0,0,0,0,0,0,0,0,0,0,0.2,0,0,0,0,51492,0
3242,242,4,18.1,4.51,0,0,0,0,0.2,0,0,0,0,0,0,0,0,0,0,0,0.2,0,0,0,0,51492,0
3243,243,27.1,86.8,3.21,0,0,0,0,2.1,0,0,0,0,0,0,0,0,0,0,0.5,1.6,0,0,0,0,51492,0
3244,244,14.7,45.8,3.12,0,0,0,0,50.8,0,0,0,0,0,0,0,0,49.9,0,0,0.9,0,0,0,0,63717,0
3245,245,9.8,35.4,3.59,0,0,0,0,0.6,0,0,0,0,0,0,0,0,0,0,0,0.6,0,0,0,0,63717,0
3246,246,14.8,64.3,4.34,170.7,0,170.7,0,213.8,0,0,170.7,0,0,0,0,0,42.2,0,0,0.9,0,0,0,0,51492,0
3247,247,3.9,12.8,3.24,0,0,0,0,0.2,0,0,0,0,0,0,0,0,0,0,0,0.2,0,0,0,0,51492,0
3248,248,5.9,23.7,4,25.3,0.2,0.7,24.4,25.7,0.1,0.1,0.4,0.2,0.1,0.2,0.1,24,0,0,0,0.4,0,0,0,0,63717,0
3249,249,20.6,61.4,2.98,0,0,0,0,1.2,0,0,0,0,0,0,0,0,0,0,0,1.2,0,0,0,0,51492,0
3250,250,10.8,26.2,2.43,0,0,0,0,112.1,0,0,0,0,0,0,0,0,111.4,0,0,0.7,0,0,0,0,51492,0
3251,251,4,10.8,2.73,0,0,0,0,0.2,0,0,0,0,0,0,0,0,0,0,0,0.2,0,0,0,0,51492,0
3252,252,0,0,0,0,0,0,0,0,0,0,0,0,0,0,0,0,0,0,0,0,0,0,0,0,63717,0
3253,253,0,0,0,0,0,0,0,0,0,0,0,0,0,0,0,0,0,0,0,0,0,0,0,0,51492,0
3254,254,21.6,82.5,3.82,0,0,0,0,1.3,0,0,0,0,0,0,0,0,0,0,0,1.3,0,0,0,0,51492,0
3255,255,0,0,0,0,0,0,0,0,0,0,0,0,0,0,0,0,0,0,0,0,0,0,0,0,51492,0
3256,256,17.7,67.8,3.83,3.1,0,0,3.1,4.2,0,0,0,0,0,0,3.1,0,0,0,0,1.1,0,0,0,0,51492,0
3257,257,25.5,65.1,2.55,6.5,0.6,1.6,4.4,169.3,0.3,0.2,1,0.5,0.2,0.5,0.3,3.4,161.3,0,0,1.5,0,0,0,0,63717,0
3258,258,0,0,0,0,0,0,0,0,0,0,0,0,0,0,0,0,0,0,0,0,0,0,0,0,51492,0
3259,259,0,0,0,0,0,0,0,0,0,0,0,0,0,0,0,0,0,0,0,0,0,0,0,0,71342,0
3260,260,0,0,0,0,0,0,0,0,0,0,0,0,0,0,0,0,0,0,0,0,0,0,0,0,63717,0
3261,261,0,0,0,0,0,0,0,0,0,0,0,0,0,0,0,0,0,0,0,0,0,0,0,0,63717,0
3262,262,57.8,177.3,3.07,145.4,59.2,39.6,46.7,217.6,39.3,19.9,33,6.6,1.2,36.1,2.3,7,61.4,0,7.1,3.6,0,0,0,0,48456,24
3263,263,7.8,19.4,2.47,0,0,0,0,0.5,0,0,0,0,0,0,0,0,0,0,0,0.5,0,0,0,0,48456,0
3264,264,6.9,16.6,2.4,0,0,0,0,0.4,0,0,0,0,0,0,0,0,0,0,0,0.4,0,0,0,0,48456,0
3265,265,1,3,2.98,0,0,0,0,0.1,0,0,0,0,0,0,0,0,0,0,0,0.1,0,0,0,0,48456,0
3266,266,2,8.1,4,0,0,0,0,0.1,0,0,0,0,0,0,0,0,0,0,0,0.1,0,0,0,0,48456,0
3267,267,4.9,13.6,2.78,0,0,0,0,0.3,0,0,0,0,0,0,0,0,0,0,0,0.3,0,0,0,0,64953,0
3268,268,5.9,11.5,1.96,8.1,0.6,5.3,2.2,81.5,0.3,0.3,1.2,4.1,0.2,0.5,0.4,1.1,73,0,0,0.4,0,0,0,0,48456,0
3269,269,2,6,2.98,0,0,0,0,0.1,0,0,0,0,0,0,0,0,0,0,0,0.1,0,0,0,0,48456,0
3270,270,4,20.3,5.02,0,0,0,0,0.2,0,0,0,0,0,0,0,0,0,0,0,0.2,0,0,0,0,48456,0
3271,271,2,5.9,2.98,2.2,0,2.2,0,2.3,0,0,0,2.2,0,0,0,0,0,0,0,0.1,0,0,0,0,48456,0
3272,272,1,3,2.98,0,0,0,0,0.1,0,0,0,0,0,0,0,0,0,0,0,0.1,0,0,0,0,64953,0
3273,273,2,5.9,2.98,0,0,0,0,0.1,0,0,0,0,0,0,0,0,0,0,0,0.1,0,0,0,0,48456,0
3274,274,1,4,4,0,0,0,0,0.1,0,0,0,0,0,0,0,0,0,0,0,0.1,0,0,0,0,64953,0
3275,275,90.5,261,2.88,19.3,0.5,5.2,13.6,35.3,0.3,0.2,0.9,4.3,0.2,12.3,0.3,0.9,0,0,10.4,5.6,0,0,0,0,64953,0
3276,276,0,0,0,0,0,0,0,0,0,0,0,0,0,0,0,0,0,0,0,0,0,0,0,0,64145,0
3277,277,0,0,0,0,0,0,0,0,0,0,0,0,0,0,0,0,0,0,0,0,0,0,0,0,64145,0
3278,278,2,5.9,2.98,0,0,0,0,0.1,0,0,0,0,0,0,0,0,0,0,0,0.1,0,0,0,0,64953,0
3279,279,0,0,0,0,0,0,0,0,0,0,0,0,0,0,0,0,0,0,0,0,0,0,0,0,64145,0
3280,280,0,0,0,0,0,0,0,0,0,0,0,0,0,0,0,0,0,0,0,0,0,0,0,0,64953,0
3281,281,0,0,0,0,0,0,0,0,0,0,0,0,0,0,0,0,0,0,0,0,0,0,0,0,64145,0
3282,282,0,0,0,0,0,0,0,0,0,0,0,0,0,0,0,0,0,0,0,0,0,0,0,0,64953,0
3283,283,0,0,0,0,0,0,0,0,0,0,0,0,0,0,0,0,0,0,0,0,0,0,0,0,64953,0
3284,284,0,0,0,733.2,0,662.8,70.4,733.2,0,0,662.8,0,70.4,0,0,0,0,0,0,0,0,0,0,0,64953,0
3285,285,5.9,7,1.2,0,0,0,0,0.4,0,0,0,0,0,0,0,0,0,0,0,0.4,0,0,0,0,64953,0
3286,286,2,9,4.51,333.1,0,333.1,0,337,0,0,333.1,0,0,0,0,0,3.8,0,0,0.1,0,0,0,0,64953,0
3287,287,0,0,0,0,0,0,0,0,0,0,0,0,0,0,0,0,0,0,0,0,0,0,0,0,63717,0
3288,288,13.7,16.4,1.2,10.2,0.6,7.5,2.1,11,0.3,0.3,1.1,6.4,0.2,0.5,0.4,1.1,0,0,0,0.8,0,0,0,0,48456,0
3289,289,0,0,0,0,0,0,0,0,0,0,0,0,0,0,0,0,0,0,0,0,0,0,0,0,71342,0
3290,290,13.7,26.9,1.96,0,0,0,0,0.8,0,0,0,0,0,0,0,0,0,0,0,0.8,0,0,0,0,63717,0
3291,291,0,0,0,0,0,0,0,0,0,0,0,0,0,0,0,0,0,0,0,0,0,0,0,0,48456,0
3292,292,0,0,0,0,0,0,0,0,0,0,0,0,0,0,0,0,0,0,0,0,0,0,0,0,48456,0
3293,293,0,0,0,0,0,0,0,0,0,0,0,0,0,0,0,0,0,0,0,0,0,0,0,0,48456,0
3294,294,55.8,150.4,2.7,0,0,0,0,3.4,0,0,0,0,0,0,0,0,0,0,0,3.4,0,0,0,0,48456,0
3295,295,18.6,63.5,3.41,14.7,0.1,0.3,14.3,15.8,0.1,0,0.2,0.1,0,14,0.1,0.2,0,0,0,1.1,0,0,0,0,48456,0
3296,296,27.5,83.9,3.05,0,0,0,0,19.7,0,0,0,0,0,0,0,0,0,18,0,1.7,0,0,0,0,48456,0
3297,297,22.6,59.2,2.63,1.9,0.1,0.3,1.5,6.3,0.1,0.1,0.2,0.1,0,0.1,1.1,0.2,0,3,0,1.4,0,0,0,0,48456,0
3298,298,3.9,7.7,1.96,0,0,0,0,0.2,0,0,0,0,0,0,0,0,0,0,0,0.2,0,0,0,0,48456,0
3299,299,2.9,6.8,2.3,0,0,0,0,0.2,0,0,0,0,0,0,0,0,0,0,0,0.2,0,0,0,0,48456,0
30001,1,0,0,0,0,0,0,0,0,0,0,0,0,0,0,0,0,0,0,0,0,0,0,0,0,66905,0
30002,2,13.7,75.8,5.51,0,0,0,0,3.1,0,0,0,0,0,0,0,0,0,0,2.2,0.9,0,0,0,0,66905,0
30003,3,14.1,59.2,4.21,0,0,0,0,2.5,0,0,0,0,0,0,0,0,0,0,1.6,0.9,0,0,0,0,51492,0
30004,4,3.6,11.9,3.36,0,0,0,0,0.7,0,0,0,0,0,0,0,0,0,0,0.5,0.2,0,0,0,0,51492,0
30005,5,55.3,166.8,3.02,5.8,0.5,1.4,3.8,14.1,0.3,0.2,0.9,0.5,0.2,0.4,2.4,0.9,0,0,4.9,3.4,0,0,0,0,68948,0
30006,6,5.2,17.2,3.28,4.4,0,4.4,0,6.3,0,0,0,4.4,0,0,0,0,0,0,1.6,0.3,0,0,0,0,51492,0
30007,7,44,128.9,2.93,45.9,3.7,25.2,16.9,133.6,2.5,1.3,5.2,20,0.9,2.3,1.7,12.1,84.5,0,0.5,2.7,0,0,0,0,51492,0
30008,8,44.5,147.2,3.31,43.3,10.9,0.5,31.8,48.8,10.9,0.1,0.4,0.2,29.4,0.2,0.1,2.1,0,0,2.7,2.7,0,0,0,0,71055,0
30009,9,18.4,22.1,1.2,62.8,1.6,55.9,5.4,72.3,0.9,0.7,2.9,53.1,0.5,1.3,0.9,2.7,0,0,8.2,1.2,0,0,0,0,51492,0
30010,10,17.4,58.7,3.38,52.6,0,52.6,0,54.8,0,0,0,52.6,0,0,0,0,0,0,1.1,1.1,0,0,0,0,51492,0
30011,11,4.5,13.7,3.02,0,0,0,0,1.9,0,0,0,0,0,0,0,0,0,0,1.6,0.3,0,0,0,0,71342,0
30012,12,14.9,52,3.49,0,0,0,0,3.6,0,0,0,0,0,0,0,0,0,0,2.7,0.9,0,0,0,0,71342,0
30013,13,0,0,0,0,0,0,0,0,0,0,0,0,0,0,0,0,0,0,0,0,0,0,0,0,71342,0
30014,14,0,0,0,0,0,0,0,0,0,0,0,0,0,0,0,0,0,0,0,0,0,0,0,0,71342,0
30015,15,1,2.9,3.01,269.3,11.9,209.9,47.5,290.8,6.7,5.2,106.1,103.8,3.6,9.7,6.9,27.3,19.2,0,2.2,0.1,0,0,0,0,66905,0
30016,16,3.7,11.2,3.01,66.9,0,44.4,22.5,72.7,0,0,0.4,44,0,0,0,22.5,0,0,5.5,0.3,0,0,0,0,68948,0
30017,17,6,33.5,5.58,0,0,0,0,2.6,0,0,0,0,0,0,0,0,0,0,2.2,0.4,0,0,0,0,71342,0
30018,18,0,0,0,708.1,28.7,580.9,98.6,713.6,16.1,12.6,419.1,161.8,8.7,23.4,16.7,49.8,0,0,5.5,0,0,0,0,0,71342,0
30019,19,167,591.9,3.55,39,13.4,15.2,10.4,60.1,12.1,1.3,5.5,9.6,0.9,2.5,1.8,5.3,0,0,11,10.2,0,0,0,0,68948,0
30020,20,148.8,391,2.63,99.3,16.1,24.7,58.6,123.8,12.3,3.8,15.7,9,2.6,7,5,43.9,0,0,15.4,9.1,0,0,0,0,79483,0
30021,21,0,0,0,419.1,12.6,363,43.5,421.3,7.1,5.6,329.3,33.7,3.9,10.3,7.3,22,0,0,2.2,0,0,0,0,0,68948,0
30022,22,6.5,19.6,3.01,37.8,4.1,19.1,14.6,48.2,2.3,1.9,15.1,4,1.3,3.4,2.5,7.4,0,0,9.9,0.5,0,0,0,0,68948,0
30023,23,13.4,60.7,4.55,105.1,9.8,61.2,34.1,125.9,5.4,4.4,34,27.2,3.1,8,5.7,17.3,0,0,19.8,1,0,0,0,0,68948,0
30024,24,102.2,420.3,4.11,5.3,0.6,1.6,3.1,26.4,0.3,0.3,1.1,0.6,0.2,0.5,1.4,1,0,0,14.8,6.3,0,0,0,0,68948,0
30025,25,292.2,862.7,2.95,146.9,6.3,10.2,130.3,172.8,4.7,1.6,6.8,3.5,1.1,104.1,15.7,9.4,0,0,8.2,17.7,0,0,0,0,61738,457
30026,26,183,372,2.03,176.5,11.6,22.9,142,188.1,11,0.6,9.9,13,0.4,43.7,74.1,23.8,0,0,0.5,11,0,0,0,0,54266,515
30027,27,0,0,0,0,0,0,0,0,0,0,0,0,0,0,0,0,0,0,0,0,0,0,0,0,71342,0
30028,28,15.7,31.1,1.98,176.5,15.8,105.5,55.2,206.8,8.7,7.1,90.4,15.1,4.9,13,9.3,27.9,0,0,29.1,1.2,0,0,0,0,71342,0
30029,29,152,444.7,2.93,2.7,0.2,1.8,0.7,25.7,0.1,0.1,0.4,1.4,0.1,0.2,0.1,0.4,0,0,13.7,9.3,0,0,0,0,71342,0
30030,30,309.3,839.1,2.71,83.3,8,4.1,71.2,101.9,8,0,0,4.1,32.8,0,29.8,8.7,0,0,0,18.6,0,0,0,0,50633,0
30031,31,194.8,507,2.6,180.2,53.6,55.9,70.7,197.5,1.9,51.7,55.9,0,30.3,0,0,40.5,0,0,5.5,11.8,0,0,0,0,48874,0
30032,32,112,354.9,3.17,2.7,0.2,1.8,0.7,17.2,0.1,0.1,0.4,1.4,0.1,0.2,0.1,0.4,0,0,7.7,6.8,0,0,0,0,54597,0
30033,33,140.2,493.4,3.52,10.2,0.3,8.8,1.1,26.4,0.2,0.1,0.6,8.2,0.1,0.3,0.2,0.6,0,0,7.7,8.5,0,0,0,0,47880,0
30034,34,173.3,505.6,2.92,16.4,0.9,11.1,4.3,26.8,0.9,0,11.1,0,4.3,0,0,0,0,0,0,10.4,0,0,0,0,72580,0
30035,35,257.1,733.5,2.85,0,0,0,0,15.5,0,0,0,0,0,0,0,0,0,0,0,15.5,0,0,0,0,69784,0
30036,36,91.5,194.6,2.13,0,0,0,0,16,0,0,0,0,0,0,0,0,0,0,10.4,5.6,0,0,0,0,79483,0
30037,37,3.7,7.4,1.98,25.6,2.8,7.9,14.9,32.4,1.5,1.3,5.2,2.7,0.9,2.3,1.7,10,0,0,6.6,0.3,0,0,0,0,71342,0
30038,38,1.3,4,3.01,1201.2,8.9,1155.1,37.2,1203.5,5,3.9,1146.6,8.5,2.7,13.7,5.2,15.6,0,0,2.2,0.1,0,0,0,0,71342,0
30039,39,59.8,171,2.86,168.4,13.7,11.5,143.3,178.2,11.8,1.8,7.6,3.9,1.3,3.4,4.6,134.1,0,0,6,3.7,0,0,0,0,63775,0
30040,40,338.7,805.6,2.38,256.9,24.6,16.1,216.2,277.9,23.9,0.7,2.8,13.3,48.5,74.1,27.7,66,0,0,0.5,20.4,0,0,0,0,44064,0
30041,41,107.7,257.2,2.39,499.4,172.7,76.7,250,510.8,160.6,12.1,50.6,26.1,8.4,22.5,41,178.1,0,0,4.9,6.5,0,0,0,0,37413,0
30042,42,61.5,221.1,3.6,81.6,0,0,81.6,89.2,0,0,0,0,1.8,0,0,79.8,0,0,3.8,3.7,0,0,0,0,37413,0
30043,43,181.8,641.5,3.53,80.3,0.4,1.4,78.5,102.4,0.2,0.2,0.7,0.7,0.1,35.2,42.6,0.7,0,0,11,11.1,0,0,0,0,69838,0
30044,44,128,388.1,3.03,0,0,0,0,20.4,0,0,0,0,0,0,0,0,0,0,12.6,7.8,0,0,0,0,79596,0
30045,45,84.4,269.7,3.19,25.8,0,0,25.8,62,0,0,0,0,25.8,0,0,0,0,0,30.8,5.4,0,0,0,0,79606,0
30046,46,0,0,0,0,0,0,0,0,0,0,0,0,0,0,0,0,0,0,0,0,0,0,0,0,79606,0
30047,47,0,0,0,0,0,0,0,0,0,0,0,0,0,0,0,0,0,0,0,0,0,0,0,0,71342,0
30048,48,5.8,22,3.78,0,0,0,0,2.6,0,0,0,0,0,0,0,0,0,0,2.2,0.4,0,0,0,0,71342,0
30049,49,0,0,0,207.4,94.5,50.4,62.5,211.2,61.8,32.7,33.2,17.1,5.6,14.8,10.5,31.7,0,0,3.8,0,0,0,0,0,71342,0
30050,50,11.2,33.6,3.01,373.2,24.4,99.6,249.2,396,13.6,10.7,50.4,49.2,34.8,107.3,63.4,43.6,0,0,22,0.9,0,0,0,0,71342,0
30051,51,14.9,72.2,4.86,74.9,2.7,39,33.1,93,1.5,1.2,12.2,26.8,13.4,2.2,12.8,4.7,0,0,17,1.1,0,0,0,0,53556,0
30052,52,46,109.1,2.37,1800.3,0,94,1706.3,1803.1,0,0,94,0,0,0,10.9,1695.5,0,0,0,2.8,0,0,0,0,36260,0
30053,53,212.9,583,2.74,1237.2,219.7,30,987.5,1255.6,185.5,34.2,0,30,50.1,309.1,54.6,573.8,0,0,5.5,12.9,0,0,0,0,36260,0
30054,54,164.7,410.3,2.49,640,51.2,19.4,569.4,655.5,7,44.2,13.3,6.1,76.6,202.7,74.8,215.2,0,0,5.5,10,0,0,0,0,40402,0
30055,55,153.2,416.5,2.72,210.5,0,0,210.5,221.9,0,0,0,0,1.6,193.5,0,15.4,0,0,2.2,9.2,0,0,0,0,40402,0
30056,56,31.6,83,2.63,0,0,0,0,4.1,0,0,0,0,0,0,0,0,0,0,2.2,1.9,0,0,0,0,79606,0
30057,57,74.6,168,2.25,0,0,0,0,9.4,0,0,0,0,0,0,0,0,0,0,4.9,4.5,0,0,0,0,79606,0
30058,58,0,0,0,0,0,0,0,0,0,0,0,0,0,0,0,0,0,0,0,0,0,0,0,0,79606,0
30059,59,0,0,0,0,0,0,0,0,0,0,0,0,0,0,0,0,0,0,0,0,0,0,0,0,71342,0
30060,60,0,0,0,0,0,0,0,0,0,0,0,0,0,0,0,0,0,0,0,0,0,0,0,0,71342,0
30061,61,204.9,601.9,2.94,0,0,0,0,26.8,0,0,0,0,0,0,0,0,0,0,14.3,12.5,0,0,0,0,52227,0
30062,62,191,642.7,3.36,44.5,4.8,10.8,28.9,64.9,3.1,1.7,7.1,3.7,1.2,3.2,2.3,22.3,0,0,8.8,11.6,0,0,0,0,52635,0
30063,63,18.9,70.7,3.75,194.3,0,0,194.3,196.6,0,0,0,0,0,194.3,0,0,0,0,1.1,1.2,0,0,0,0,53556,0
30064,64,204.3,638.7,3.13,139.1,78.1,16.4,44.5,158.1,3.3,74.8,10.8,5.6,1.8,4.8,3.4,34.5,0,0,6.6,12.4,0,0,0,0,52227,0
30065,65,265.3,769,2.9,67.9,30.3,0.9,36.7,83.9,30.1,0.1,0.6,0.3,0.1,4.3,0.9,31.5,0,0,0,16,0,0,0,0,53556,0
30066,66,162.5,338.4,2.08,128.4,58.9,6.4,63.1,138.7,36.3,22.6,4.2,2.2,0.7,1.9,8.6,51.9,0,0,0.5,9.8,0,0,0,0,44338,0
30067,67,137,378.7,2.76,113.8,60.6,0,53.2,122,60.6,0,0,0,2.1,0,0.3,50.9,0,0,0,8.2,0,0,0,0,42956,0
30068,68,174.2,424.1,2.43,36.2,0,0,36.2,46.7,0,0,0,0,0,0,17.3,19,0,0,0,10.5,0,0,0,0,44041,0
30069,69,26.5,102.7,3.87,57.8,4.6,12.8,40.3,62.7,2.6,2,8.5,4.4,1.4,3.8,2.7,32.5,0,0,3.3,1.6,0,0,0,0,42956,0
30070,70,87.9,345.3,3.93,23.1,0.1,0.2,22.7,32.8,0,0,0.2,0.1,6.1,0.1,0,16.5,0,0,4.4,5.3,0,0,0,0,45647,0
30071,71,0,0,0,0,0,0,0,0,0,0,0,0,0,0,0,0,0,0,0,0,0,0,0,0,44592,0
30072,72,80.5,319,3.97,85.6,0.4,1.5,83.6,97.6,0.4,0,0,1.5,0,0,0,83.6,0,0,7.1,4.9,0,0,0,0,43896,0
30073,73,4,13.1,3.24,0,0,0,0,0.2,0,0,0,0,0,0,0,0,0,0,0,0.2,0,0,0,0,84675,0
30074,74,0,0,0,0,0,0,0,0,0,0,0,0,0,0,0,0,0,0,0,0,0,0,0,0,71342,0
30075,75,211.5,585.4,2.77,407.6,47.3,92.6,267.7,530.7,20.5,26.8,61.1,31.5,10.3,64.3,119.4,73.7,0,0,109.3,13.8,0,0,0,0,52227,0
30076,76,161.5,483.2,2.99,40.9,4.4,12.6,23.9,165.5,2.4,2,8.3,4.3,1.4,3.7,8.2,10.5,0,0,113.7,10.9,0,0,0,0,52227,0
30077,77,219.7,565,2.57,847.6,21.7,76.6,749.3,971.3,12.2,9.5,56.1,20.6,6.6,155.2,549.6,37.8,0,0,109.3,14.4,0,0,0,0,52227,0
30078,78,463.5,1335.2,2.88,249.5,74.6,37.2,137.7,325.7,50.9,23.7,24.5,12.6,4.1,10.9,17,105.7,0,0,47.8,28.4,0,0,0,0,46674,0
30079,79,172.7,397.8,2.3,374.1,143,20.6,210.6,527.7,43.1,99.9,13.6,7,12.9,57.5,106.6,33.6,0,0,141.7,11.9,0,0,0,0,46674,597
30080,80,285.5,576.3,2.02,306.8,108.1,31.3,167.4,445.5,18.3,89.7,20.7,10.7,21.4,119.8,6.5,19.6,0,0,120.3,18.5,0,0,0,0,46674,0
30081,81,92.7,189.9,2.05,261,12.2,34,214.8,290.4,6.8,5.4,22.5,11.6,3.7,60.2,7.1,143.7,0,0,23.6,5.8,0,0,0,0,45683,327
30082,82,376.8,808.6,2.15,448.5,108.5,34.9,305.1,473.4,37.2,71.2,22.4,12.5,40.9,9.9,78,176.3,0,0,2.2,22.7,0,0,0,0,45683,0
30083,83,0,0,0,222.8,172.6,17.9,32.3,223.9,54.9,117.7,11.8,6.1,2,5.2,3.7,21.4,0,0,1.1,0,0,0,0,0,93342,0
30084,84,0,0,0,226.6,89,17.9,119.7,227.7,63.7,25.4,11.8,6.1,6.3,68.6,17.1,27.7,0,0,1.1,0,0,0,0,0,93342,0
30085,85,43.7,153.1,3.51,112.6,6.3,26.2,80.1,121.9,4.2,2.1,8.7,17.5,5.5,3.9,12.9,57.9,0,0,6.6,2.7,0,0,0,0,93342,0
30086,86,0,0,0,82.3,27.2,24.5,30.5,85,20,7.2,16.2,8.3,2.7,7.2,5.1,15.5,0,0,2.7,0,0,0,0,0,71342,0
30087,87,0,0,0,0,0,0,0,0,0,0,0,0,0,0,0,0,0,0,0,0,0,0,0,0,93342,0
30088,88,0,0,0,0,0,0,0,11.5,0,0,0,0,0,0,0,0,11.5,0,0,0,0,0,0,0,93342,0
30089,89,80,212.9,2.66,326.7,269.9,7.9,48.9,381.6,1.3,268.6,4.2,3.7,0.7,1.9,1.3,45,0,0,49.4,5.4,0,0,0,0,93342,0
30090,90,62.2,226.5,3.64,702.4,467.9,13.8,220.7,723.3,392.7,75.1,9.7,4.1,158.8,51.9,2.5,7.5,0,0,17,3.9,0,0,0,0,93342,0
30091,91,206.7,613.4,2.97,117.4,0,1.1,116.2,153.7,0,0,0,1.1,90.5,0,1.2,24.5,0,0,23.6,12.7,0,0,0,0,93342,0
30092,92,182.3,620.2,3.4,152.4,11.3,37.3,103.9,177.2,6.3,5,26.1,11.2,12.2,9.2,27.1,55.3,0,0,13.7,11.1,0,0,0,0,93342,0
30093,93,0,0,0,0,0,0,0,0,0,0,0,0,0,0,0,0,0,0,0,0,0,0,0,0,71901,0
30094,94,30.2,91.7,3.04,0,0,0,0,10.1,0,0,0,0,0,0,0,0,0,0,8.2,1.9,0,0,0,0,71901,0
30095,95,249.5,899.2,3.6,164.5,50.7,23.4,90.4,198.4,4.7,46,15.4,8,6.7,6.8,25,51.9,0,0,18.7,15.2,0,0,0,0,71901,562
30096,96,270.2,631.5,2.34,42.7,3.8,10.7,28.2,59.6,2.1,1.7,7.1,3.6,1.2,3.1,12.1,11.7,0,0,0.5,16.3,0,0,0,0,93342,0
30097,97,0,0,0,0,0,0,0,0,0,0,0,0,0,0,0,0,0,0,0,0,0,0,0,0,71342,0
30098,98,0,0,0,0,0,0,0,0,0,0,0,0,0,0,0,0,0,0,0,0,0,0,0,0,71342,0
30099,99,0,0,0,0,0,0,0,0,0,0,0,0,0,0,0,0,0,0,0,0,0,0,0,0,90006,0
30100,100,51.2,186.3,3.64,2.1,0,0,2.1,36.8,0,0,0,0,0,0,2.1,0,0,0,31.3,3.4,0,0,0,0,90006,0
30101,101,413.7,1369.1,3.31,126.6,14,11.1,101.5,171.5,1.2,12.8,4,7.2,4.7,16.4,26.7,53.7,0,0,19.8,25.1,0,0,0,0,83414,0
30102,102,0,0,0,0,0,0,0,0,0,0,0,0,0,0,0,0,0,0,0,0,0,0,0,0,90006,0
30103,103,197.7,732.9,3.71,15.1,1.1,5.6,8.4,43.1,0.6,0.5,2,3.5,0.3,0.9,2.8,4.4,0,0,15.9,12.1,0,0,0,0,90006,0
30104,104,76,286.6,3.77,116,0,0,116,138.9,0,0,0,0,0,116,0,0,0,0,18.1,4.8,0,0,0,0,90006,0
30105,105,59.3,179.3,3.03,20.1,6.2,6.2,7.7,53.7,1.2,5,4.1,2.1,0.7,1.8,1.3,3.9,0,0,29.7,3.9,0,0,0,0,80348,0
30106,106,23.5,83.3,3.55,36.9,10.7,11.7,14.5,264,8.9,1.9,7.7,4,1.3,3.4,2.4,7.4,211.2,0,14.3,1.6,0,0,0,0,74493,0
30107,107,0,0,0,0,0,0,0,0,0,0,0,0,0,0,0,0,0,0,0,0,0,0,0,0,80348,0
30108,108,53.4,146,2.73,0,0,0,0,80.3,0,0,0,0,0,0,0,0,0,0,76.3,4,0,0,0,0,80348,0
30109,109,0,0,0,0,0,0,0,0,0,0,0,0,0,0,0,0,0,0,0,0,0,0,0,0,71342,0
30110,110,4.2,21.1,4.97,0,0,0,0,6.3,0,0,0,0,0,0,0,0,0,0,6,0.3,0,0,0,0,80348,0
30111,111,0,0,0,0,0,0,0,0,0,0,0,0,0,0,0,0,0,0,0,0,0,0,0,0,80348,0
30112,112,12,39.6,3.29,0,0,0,0,15.7,0,0,0,0,0,0,0,0,0,0,14.8,0.9,0,0,0,0,80348,0
30113,113,48.1,156.8,3.26,0,0,0,0,40.1,0,0,0,0,0,0,0,0,0,0,36.8,3.3,0,0,0,0,80348,0
30114,114,54.8,157.1,2.87,1.5,0.1,1.3,0.2,38.2,0,0,0.1,1.2,0,0,0,0.1,0,0,33,3.7,0,0,0,0,74493,0
30115,115,0,0,0,71.3,47.3,10.7,13.3,71.9,45.6,1.7,7.1,3.7,1.2,3.1,2.2,6.7,0,0,0.5,0,0,0,0,0,80348,0
30116,116,0,0,0,23.2,1,18.6,3.6,23.2,0.6,0.5,17.6,1,0.3,0.8,0.6,1.8,0,0,0,0,0,0,0,0,80348,0
30117,117,23.3,87.9,3.77,27.2,17.6,4.3,5.3,30.8,16.9,0.7,2.8,1.5,0.5,1.3,0.9,2.7,0,0,2.2,1.4,0,0,0,0,80348,0
30118,118,9.2,30.3,3.29,0,0,0,0,9.5,0,0,0,0,0,0,0,0,0,0,8.8,0.7,0,0,0,0,74493,0
30119,119,1,4.9,4.97,35.8,0,0,35.8,35.9,0,0,0,0,0,35.8,0,0,0,0,0,0.1,0,0,0,0,80348,0
30120,120,39.4,107.3,2.72,1.4,1.4,0,0,27.6,1.4,0,0,0,0,0,0,0,0,0,23.6,2.6,0,0,0,0,80348,0
30121,121,42.5,147.9,3.48,5.7,0.3,2,3.4,13.5,0.2,0.1,0.5,1.5,0.1,0.2,0.2,2.9,0,3,2.2,2.6,0,0,0,0,80348,0
30122,122,25.6,86.4,3.37,0,0,0,0,18.7,0,0,0,0,0,0,0,0,0,0,17,1.7,0,0,0,0,74493,0
30123,123,0,0,0,0,0,0,0,0,0,0,0,0,0,0,0,0,0,0,0,0,0,0,0,0,80348,0
30124,124,78.1,216.4,2.77,2.3,0,0,2.3,12.1,0,0,0,0,0,0,0,2.3,0,0,4.9,4.8,0,0,0,0,80348,0
30125,125,65,199.1,3.07,64.3,0,0,64.3,69.9,0,0,0,0,11.5,52.8,0,0,0,0,1.6,3.9,0,0,0,0,80348,245
30126,126,175.4,468.3,2.67,9,0.3,7.6,1.1,19.6,0.2,0.1,6.1,1.5,0.1,0.2,0.2,0.5,0,0,0,10.6,0,0,0,0,74493,0
30127,127,96,300.9,3.13,0,0,0,0,8,0,0,0,0,0,0,0,0,0,0,2.2,5.8,0,0,0,0,80348,0
30128,128,66.2,244.1,3.69,5.7,0,5.6,0.1,19.2,0,0,0.1,5.5,0,0,0,0.1,0,0,9.3,4.1,0,0,0,0,80348,0
30129,129,25.4,70.4,2.77,0,0,0,0,13.8,0,0,0,0,0,0,0,0,0,0,12.1,1.7,0,0,0,0,80348,0
30130,130,66.6,115.7,1.74,1.3,0.1,1.1,0.2,8.1,0,0,1,0.1,0,0,0,0.1,0,0,2.7,4,0,0,0,0,74493,0
30131,131,67.9,213.6,3.14,0,0,0,0,10.8,0,0,0,0,0,0,0,0,0,0,6.6,4.2,0,0,0,0,74493,0
30132,132,37.7,98.1,2.61,4.6,0.3,3.5,0.9,73.9,0.1,0.1,3.2,0.2,0.1,0.2,0.1,0.4,57.6,0,9.3,2.4,0,0,0,0,74493,0
30133,133,147.3,476.8,3.24,11.1,0.6,1.6,9,23.9,0.3,0.3,1,0.5,2.3,0.5,0.3,5.9,0,0,3.8,8.9,0,0,0,0,80348,0
30134,134,4.1,14.5,3.54,0,0,0,0,0.2,0,0,0,0,0,0,0,0,0,0,0,0.2,0,0,0,0,80348,0
30135,135,2,6.1,3.02,0,0,0,0,0.1,0,0,0,0,0,0,0,0,0,0,0,0.1,0,0,0,0,80348,0
30136,136,159.6,506.2,3.17,20.4,0.6,7.5,12.4,45.1,0.3,0.3,1.1,6.4,8.4,0.5,0.3,3.1,0,0,14.8,9.8,0,0,0,0,74493,0
30137,137,1,3.1,3.02,30.7,0,30.7,0,30.8,0,0,0,30.7,0,0,0,0,0,0,0,0.1,0,0,0,0,80348,0
30138,138,147.1,582.5,3.96,53.6,0.1,9.3,44.2,68,0.1,0.1,9.2,0.1,25,0.1,0.1,19,0,0,5.5,8.9,0,0,0,0,80348,0
30139,139,53.2,114.9,2.16,20.8,1.2,3.4,16.1,60.6,0.7,0.5,2.3,1.2,0.4,12.9,0.7,2.2,0,15,21.4,3.4,0,0,0,0,74493,0
30140,140,4,4.8,1.21,0,0,0,0,0.2,0,0,0,0,0,0,0,0,0,0,0,0.2,0,0,0,0,80348,0
30141,141,0,0,0,0,0,0,0,0,0,0,0,0,0,0,0,0,0,0,0,0,0,0,0,0,80348,0
30142,142,0,0,0,0,0,0,0,0,0,0,0,0,0,0,0,0,0,0,0,0,0,0,0,0,80348,0
30143,143,57.9,147,2.54,93.3,29.4,53.1,10.8,98.5,28,1.4,5.8,47.4,1,2.6,1.8,5.5,0,0,1.6,3.5,0,0,0,0,80348,0
30144,144,0,0,0,0,0,0,0,0,0,0,0,0,0,0,0,0,0,0,0,0,0,0,0,0,80348,0
30145,145,13,43.1,3.32,0,0,0,0,2.4,0,0,0,0,0,0,0,0,0,0,1.6,0.8,0,0,0,0,78516,0
30146,146,0,0,0,0,0,0,0,0,0,0,0,0,0,0,0,0,0,0,0,0,0,0,0,0,79483,0
30147,147,1.1,2.1,1.96,0,0,0,0,0.1,0,0,0,0,0,0,0,0,0,0,0,0.1,0,0,0,0,84675,0
30148,148,0,0,0,0,0,0,0,0,0,0,0,0,0,0,0,0,0,0,0,0,0,0,0,0,79483,0
30149,149,0,0,0,0,0,0,0,0,0,0,0,0,0,0,0,0,0,0,0,0,0,0,0,0,79483,0
30150,150,375.3,1190.8,3.17,135.1,22.9,11.4,100.8,201.1,21.3,1.6,6.6,4.8,5.5,49.1,10.8,35.4,0,0,42.8,23.1,0,0,0,0,84445,0
30151,151,18.8,101.6,5.4,36.9,2.3,26.7,7.9,38.5,1.3,1,24.5,2.2,0.7,1.9,1.3,4,0,0,0.5,1.1,0,0,0,0,84675,0
30152,152,0,0,0,0,0,0,0,0,0,0,0,0,0,0,0,0,0,0,0,0,0,0,0,0,74493,0
30153,153,0,0,0,0,0,0,0,0,0,0,0,0,0,0,0,0,0,0,0,0,0,0,0,0,74493,0
